<?xml version="1.0"?>
<opencv_storage>
<stage10>
  <maxWeakCount>6</maxWeakCount>
  <stageThreshold>-2.6200802326202393e+00</stageThreshold>
  <weakClassifiers>
    <_>
      <internalNodes>
        0 -1 10689 6.5744972229003906e-01</internalNodes>
      <leafValues>
        -7.5222289562225342e-01 8.6821705102920532e-01</leafValues></_>
    <_>
      <internalNodes>
        0 -1 13432 -1.2388974428176880e-02</internalNodes>
      <leafValues>
        4.8816180229187012e-01 -9.6926605701446533e-01</leafValues></_>
    <_>
      <internalNodes>
        0 -1 99128 5.6016199290752411e-02</internalNodes>
      <leafValues>
        -8.1414151191711426e-01 4.2245924472808838e-01</leafValues></_>
    <_>
      <internalNodes>
        0 -1 9900 1.3925859704613686e-02</internalNodes>
      <leafValues>
        -8.5096150636672974e-01 3.8849195837974548e-01</leafValues></_>
    <_>
      <internalNodes>
        0 -1 645297 5.6715887039899826e-03</internalNodes>
      <leafValues>
        -8.6869841814041138e-01 4.5726752281188965e-01</leafValues></_>
    <_>
      <internalNodes>
        0 -1 444076 1.0503607336431742e-03</internalNodes>
      <leafValues>
        -9.6967673301696777e-01 3.0924412608146667e-01</leafValues></_></weakClassifiers></stage10>
</opencv_storage>
