<?xml version="1.0"?>
<opencv_storage>
<stage9>
  <maxWeakCount>3</maxWeakCount>
  <stageThreshold>-7.2661274671554565e-01</stageThreshold>
  <weakClassifiers>
    <_>
      <internalNodes>
        0 -1 804173 4.1591964662075043e-02</internalNodes>
      <leafValues>
        -7.8437978029251099e-01 7.5360000133514404e-01</leafValues></_>
    <_>
      <internalNodes>
        0 -1 649398 2.6856893301010132e-01</internalNodes>
      <leafValues>
        -5.2239775657653809e-01 9.9837392568588257e-01</leafValues></_>
    <_>
      <internalNodes>
        0 -1 88191 1.4909826219081879e-02</internalNodes>
      <leafValues>
        -8.2412135601043701e-01 5.8016473054885864e-01</leafValues></_></weakClassifiers></stage9>
</opencv_storage>
