<?xml version="1.0"?>
<opencv_storage>
<stage8>
  <maxWeakCount>6</maxWeakCount>
  <stageThreshold>-2.1858193874359131e+00</stageThreshold>
  <weakClassifiers>
    <_>
      <internalNodes>
        0 -1 737573 -1.4952367544174194e-01</internalNodes>
      <leafValues>
        7.0655268430709839e-01 -8.1116688251495361e-01</leafValues></_>
    <_>
      <internalNodes>
        0 -1 775083 6.5148919820785522e-02</internalNodes>
      <leafValues>
        -5.8938527107238770e-01 9.7323423624038696e-01</leafValues></_>
    <_>
      <internalNodes>
        0 -1 3172 5.1071971654891968e-02</internalNodes>
      <leafValues>
        -7.9731386899948120e-01 6.5472233295440674e-01</leafValues></_>
    <_>
      <internalNodes>
        0 -1 320865 -6.7393228411674500e-02</internalNodes>
      <leafValues>
        4.8880273103713989e-01 -8.9908576011657715e-01</leafValues></_>
    <_>
      <internalNodes>
        0 -1 780079 -2.8229903429746628e-02</internalNodes>
      <leafValues>
        4.4237157702445984e-01 -7.6906317472457886e-01</leafValues></_>
    <_>
      <internalNodes>
        0 -1 825435 -2.5780978612601757e-03</internalNodes>
      <leafValues>
        4.6876075863838196e-01 -7.9126727581024170e-01</leafValues></_></weakClassifiers></stage8>
</opencv_storage>
