<?xml version="1.0"?>
<opencv_storage>
<stage7>
  <maxWeakCount>6</maxWeakCount>
  <stageThreshold>-2.4013321399688721e+00</stageThreshold>
  <weakClassifiers>
    <_>
      <internalNodes>
        0 -1 30079 2.5021600723266602e-01</internalNodes>
      <leafValues>
        -8.3189517259597778e-01 6.7411303520202637e-01</leafValues></_>
    <_>
      <internalNodes>
        0 -1 746628 1.3817423582077026e-01</internalNodes>
      <leafValues>
        -8.4494245052337646e-01 6.5339702367782593e-01</leafValues></_>
    <_>
      <internalNodes>
        0 -1 199236 6.8426355719566345e-03</internalNodes>
      <leafValues>
        -8.1722068786621094e-01 5.0596022605895996e-01</leafValues></_>
    <_>
      <internalNodes>
        0 -1 58561 -1.7130885273218155e-02</internalNodes>
      <leafValues>
        5.2783042192459106e-01 -7.7048909664154053e-01</leafValues></_>
    <_>
      <internalNodes>
        0 -1 449375 2.2792899981141090e-03</internalNodes>
      <leafValues>
        -8.3112061023712158e-01 4.7386902570724487e-01</leafValues></_>
    <_>
      <internalNodes>
        0 -1 746345 -1.1076926020905375e-03</internalNodes>
      <leafValues>
        3.8934618234634399e-01 -9.1693401336669922e-01</leafValues></_></weakClassifiers></stage7>
</opencv_storage>
