<?xml version="1.0"?>
<opencv_storage>
<cascade>
  <stageType>BOOST</stageType>
  <featureType>HAAR</featureType>
  <height>32</height>
  <width>32</width>
  <stageParams>
    <boostType>GAB</boostType>
    <minHitRate>9.9900001287460327e-01</minHitRate>
    <maxFalseAlarm>5.0000000000000000e-01</maxFalseAlarm>
    <weightTrimRate>9.4999999999999996e-01</weightTrimRate>
    <maxDepth>1</maxDepth>
    <maxWeakCount>100</maxWeakCount></stageParams>
  <featureParams>
    <maxCatCount>0</maxCatCount>
    <featSize>1</featSize>
    <mode>ALL</mode></featureParams>
  <stageNum>6</stageNum>
  <stages>
    <!-- stage 0 -->
    <_>
      <maxWeakCount>4</maxWeakCount>
      <stageThreshold>-2.1998867988586426e+00</stageThreshold>
      <weakClassifiers>
        <_>
          <internalNodes>
            0 -1 0 2.3528192192316055e-02</internalNodes>
          <leafValues>
            -9.3655985593795776e-01 9.2583119869232178e-01</leafValues></_>
        <_>
          <internalNodes>
            0 -1 13 1.1425463855266571e-01</internalNodes>
          <leafValues>
            -9.1806977987289429e-01 8.1074368953704834e-01</leafValues></_>
        <_>
          <internalNodes>
            0 -1 8 1.8734575714915991e-03</internalNodes>
          <leafValues>
            -9.4822990894317627e-01 7.4177122116088867e-01</leafValues></_>
        <_>
          <internalNodes>
            0 -1 17 7.4219643138349056e-03</internalNodes>
          <leafValues>
            -9.7880077362060547e-01 6.0297286510467529e-01</leafValues></_></weakClassifiers></_>
    <!-- stage 1 -->
    <_>
      <maxWeakCount>3</maxWeakCount>
      <stageThreshold>-1.2189646959304810e+00</stageThreshold>
      <weakClassifiers>
        <_>
          <internalNodes>
            0 -1 4 2.4242477491497993e-02</internalNodes>
          <leafValues>
            -9.5269823074340820e-01 8.5918855667114258e-01</leafValues></_>
        <_>
          <internalNodes>
            0 -1 11 9.3777263537049294e-03</internalNodes>
          <leafValues>
            -9.5860409736633301e-01 5.9284162521362305e-01</leafValues></_>
        <_>
          <internalNodes>
            0 -1 5 4.3999357149004936e-03</internalNodes>
          <leafValues>
            -8.5681253671646118e-01 6.9233757257461548e-01</leafValues></_></weakClassifiers></_>
    <!-- stage 2 -->
    <_>
      <maxWeakCount>4</maxWeakCount>
      <stageThreshold>-2.2195310592651367e+00</stageThreshold>
      <weakClassifiers>
        <_>
          <internalNodes>
            0 -1 2 9.5266684889793396e-02</internalNodes>
          <leafValues>
            -9.2570483684539795e-01 7.8909093141555786e-01</leafValues></_>
        <_>
          <internalNodes>
            0 -1 19 6.5649881958961487e-02</internalNodes>
          <leafValues>
            -9.4434279203414917e-01 4.7880545258522034e-01</leafValues></_>
        <_>
          <internalNodes>
            0 -1 21 -5.1278294995427132e-03</internalNodes>
          <leafValues>
            4.5036610960960388e-01 -9.1108602285385132e-01</leafValues></_>
        <_>
          <internalNodes>
            0 -1 7 -1.0175437480211258e-01</internalNodes>
          <leafValues>
            5.6160253286361694e-01 -8.5987782478332520e-01</leafValues></_></weakClassifiers></_>
    <!-- stage 3 -->
    <_>
      <maxWeakCount>3</maxWeakCount>
      <stageThreshold>-1.3876407146453857e+00</stageThreshold>
      <weakClassifiers>
        <_>
          <internalNodes>
            0 -1 16 -1.9150059670209885e-02</internalNodes>
          <leafValues>
            4.4444444775581360e-01 -9.5842450857162476e-01</leafValues></_>
        <_>
          <internalNodes>
            0 -1 20 -5.1807770505547523e-03</internalNodes>
          <leafValues>
            4.5263651013374329e-01 -9.7193741798400879e-01</leafValues></_>
        <_>
          <internalNodes>
            0 -1 10 7.6499027200043201e-03</internalNodes>
          <leafValues>
            -8.6821097135543823e-01 5.4272115230560303e-01</leafValues></_></weakClassifiers></_>
    <!-- stage 4 -->
    <_>
      <maxWeakCount>5</maxWeakCount>
      <stageThreshold>-2.9753775596618652e+00</stageThreshold>
      <weakClassifiers>
        <_>
          <internalNodes>
            0 -1 15 -3.6631077527999878e-02</internalNodes>
          <leafValues>
            4.7211897373199463e-01 -9.5803183317184448e-01</leafValues></_>
        <_>
          <internalNodes>
            0 -1 1 2.5493279099464417e-01</internalNodes>
          <leafValues>
            -7.3187071084976196e-01 8.9046633243560791e-01</leafValues></_>
        <_>
          <internalNodes>
            0 -1 14 -1.8982276320457458e-02</internalNodes>
          <leafValues>
            6.3823878765106201e-01 -9.0241539478302002e-01</leafValues></_>
        <_>
          <internalNodes>
            0 -1 3 2.5907162576913834e-02</internalNodes>
          <leafValues>
            -9.1887032985687256e-01 5.2330803871154785e-01</leafValues></_>
        <_>
          <internalNodes>
            0 -1 6 -1.0193947702646255e-02</internalNodes>
          <leafValues>
            5.3581064939498901e-01 -9.1667950153350830e-01</leafValues></_></weakClassifiers></_>
    <!-- stage 5 -->
    <_>
      <maxWeakCount>3</maxWeakCount>
      <stageThreshold>-1.2857930660247803e+00</stageThreshold>
      <weakClassifiers>
        <_>
          <internalNodes>
            0 -1 18 -1.8007710576057434e-01</internalNodes>
          <leafValues>
            8.3333331346511841e-01 -8.2094174623489380e-01</leafValues></_>
        <_>
          <internalNodes>
            0 -1 12 1.6786098480224609e-02</internalNodes>
          <leafValues>
            -9.1168439388275146e-01 5.5639445781707764e-01</leafValues></_>
        <_>
          <internalNodes>
            0 -1 9 2.5037728250026703e-02</internalNodes>
          <leafValues>
            -9.9602568149566650e-01 4.4683313369750977e-01</leafValues></_></weakClassifiers></_></stages>
  <features>
    <_>
      <rects>
        <_>
          0 0 28 1 -1.</_>
        <_>
          7 0 14 1 2.</_></rects>
      <tilted>0</tilted></_>
    <_>
      <rects>
        <_>
          0 15 32 15 -1.</_>
        <_>
          8 15 16 15 2.</_></rects>
      <tilted>0</tilted></_>
    <_>
      <rects>
        <_>
          1 0 28 5 -1.</_>
        <_>
          8 0 14 5 2.</_></rects>
      <tilted>0</tilted></_>
    <_>
      <rects>
        <_>
          1 0 28 12 -1.</_>
        <_>
          1 3 28 6 2.</_></rects>
      <tilted>0</tilted></_>
    <_>
      <rects>
        <_>
          1 4 6 5 -1.</_>
        <_>
          4 4 3 5 2.</_></rects>
      <tilted>0</tilted></_>
    <_>
      <rects>
        <_>
          2 8 2 9 -1.</_>
        <_>
          3 8 1 9 2.</_></rects>
      <tilted>0</tilted></_>
    <_>
      <rects>
        <_>
          3 8 4 3 -1.</_>
        <_>
          3 8 2 3 2.</_></rects>
      <tilted>1</tilted></_>
    <_>
      <rects>
        <_>
          3 16 23 16 -1.</_>
        <_>
          3 24 23 8 2.</_></rects>
      <tilted>0</tilted></_>
    <_>
      <rects>
        <_>
          4 0 2 5 -1.</_>
        <_>
          5 0 1 5 2.</_></rects>
      <tilted>0</tilted></_>
    <_>
      <rects>
        <_>
          4 0 28 12 -1.</_>
        <_>
          4 3 28 6 2.</_></rects>
      <tilted>0</tilted></_>
    <_>
      <rects>
        <_>
          5 26 10 6 -1.</_>
        <_>
          5 26 5 3 2.</_>
        <_>
          10 29 5 3 2.</_></rects>
      <tilted>0</tilted></_>
    <_>
      <rects>
        <_>
          9 10 3 8 -1.</_>
        <_>
          9 14 3 4 2.</_></rects>
      <tilted>0</tilted></_>
    <_>
      <rects>
        <_>
          13 8 9 7 -1.</_>
        <_>
          16 8 3 7 3.</_></rects>
      <tilted>0</tilted></_>
    <_>
      <rects>
        <_>
          14 1 16 26 -1.</_>
        <_>
          14 1 8 13 2.</_>
        <_>
          22 14 8 13 2.</_></rects>
      <tilted>0</tilted></_>
    <_>
      <rects>
        <_>
          16 0 16 4 -1.</_>
        <_>
          20 0 8 4 2.</_></rects>
      <tilted>0</tilted></_>
    <_>
      <rects>
        <_>
          17 1 14 4 -1.</_>
        <_>
          24 1 7 4 2.</_></rects>
      <tilted>0</tilted></_>
    <_>
      <rects>
        <_>
          17 2 14 2 -1.</_>
        <_>
          24 2 7 2 2.</_></rects>
      <tilted>0</tilted></_>
    <_>
      <rects>
        <_>
          17 12 8 10 -1.</_>
        <_>
          17 12 4 5 2.</_>
        <_>
          21 17 4 5 2.</_></rects>
      <tilted>0</tilted></_>
    <_>
      <rects>
        <_>
          20 10 12 22 -1.</_>
        <_>
          26 10 6 22 2.</_></rects>
      <tilted>0</tilted></_>
    <_>
      <rects>
        <_>
          24 0 5 26 -1.</_>
        <_>
          24 13 5 13 2.</_></rects>
      <tilted>0</tilted></_>
    <_>
      <rects>
        <_>
          28 3 4 23 -1.</_>
        <_>
          29 3 2 23 2.</_></rects>
      <tilted>0</tilted></_>
    <_>
      <rects>
        <_>
          28 3 4 27 -1.</_>
        <_>
          29 3 2 27 2.</_></rects>
      <tilted>0</tilted></_></features></cascade>
</opencv_storage>
