<?xml version="1.0"?>
<opencv_storage>
<stage3>
  <maxWeakCount>3</maxWeakCount>
  <stageThreshold>-1.3876407146453857e+00</stageThreshold>
  <weakClassifiers>
    <_>
      <internalNodes>
        0 -1 611132 -1.9150059670209885e-02</internalNodes>
      <leafValues>
        4.4444444775581360e-01 -9.5842450857162476e-01</leafValues></_>
    <_>
      <internalNodes>
        0 -1 816178 -5.1807770505547523e-03</internalNodes>
      <leafValues>
        4.5263651013374329e-01 -9.7193741798400879e-01</leafValues></_>
    <_>
      <internalNodes>
        0 -1 236254 7.6499027200043201e-03</internalNodes>
      <leafValues>
        -8.6821097135543823e-01 5.4272115230560303e-01</leafValues></_></weakClassifiers></stage3>
</opencv_storage>
