<?xml version="1.0"?>
<opencv_storage>
<stage1>
  <maxWeakCount>3</maxWeakCount>
  <stageThreshold>-1.2189646959304810e+00</stageThreshold>
  <weakClassifiers>
    <_>
      <internalNodes>
        0 -1 50611 2.4242477491497993e-02</internalNodes>
      <leafValues>
        -9.5269823074340820e-01 8.5918855667114258e-01</leafValues></_>
    <_>
      <internalNodes>
        0 -1 368506 9.3777263537049294e-03</internalNodes>
      <leafValues>
        -9.5860409736633301e-01 5.9284162521362305e-01</leafValues></_>
    <_>
      <internalNodes>
        0 -1 98284 4.3999357149004936e-03</internalNodes>
      <leafValues>
        -8.5681253671646118e-01 6.9233757257461548e-01</leafValues></_></weakClassifiers></stage1>
</opencv_storage>
