<?xml version="1.0"?>
<opencv_storage>
<stage5>
  <maxWeakCount>3</maxWeakCount>
  <stageThreshold>-1.2857930660247803e+00</stageThreshold>
  <weakClassifiers>
    <_>
      <internalNodes>
        0 -1 696444 -1.8007710576057434e-01</internalNodes>
      <leafValues>
        8.3333331346511841e-01 -8.2094174623489380e-01</leafValues></_>
    <_>
      <internalNodes>
        0 -1 500966 1.6786098480224609e-02</internalNodes>
      <leafValues>
        -9.1168439388275146e-01 5.5639445781707764e-01</leafValues></_>
    <_>
      <internalNodes>
        0 -1 162085 2.5037728250026703e-02</internalNodes>
      <leafValues>
        -9.9602568149566650e-01 4.4683313369750977e-01</leafValues></_></weakClassifiers></stage5>
</opencv_storage>
