<?xml version="1.0"?>
<opencv_storage>
<stage0>
  <maxWeakCount>4</maxWeakCount>
  <stageThreshold>-2.1998867988586426e+00</stageThreshold>
  <weakClassifiers>
    <_>
      <internalNodes>
        0 -1 940 2.3528192192316055e-02</internalNodes>
      <leafValues>
        -9.3655985593795776e-01 9.2583119869232178e-01</leafValues></_>
    <_>
      <internalNodes>
        0 -1 521079 1.1425463855266571e-01</internalNodes>
      <leafValues>
        -9.1806977987289429e-01 8.1074368953704834e-01</leafValues></_>
    <_>
      <internalNodes>
        0 -1 159701 1.8734575714915991e-03</internalNodes>
      <leafValues>
        -9.4822990894317627e-01 7.4177122116088867e-01</leafValues></_>
    <_>
      <internalNodes>
        0 -1 624202 7.4219643138349056e-03</internalNodes>
      <leafValues>
        -9.7880077362060547e-01 6.0297286510467529e-01</leafValues></_></weakClassifiers></stage0>
</opencv_storage>
