<?xml version="1.0"?>
<opencv_storage>
<stage4>
  <maxWeakCount>5</maxWeakCount>
  <stageThreshold>-2.9753775596618652e+00</stageThreshold>
  <weakClassifiers>
    <_>
      <internalNodes>
        0 -1 609556 -3.6631077527999878e-02</internalNodes>
      <leafValues>
        4.7211897373199463e-01 -9.5803183317184448e-01</leafValues></_>
    <_>
      <internalNodes>
        0 -1 30079 2.5493279099464417e-01</internalNodes>
      <leafValues>
        -7.3187071084976196e-01 8.9046633243560791e-01</leafValues></_>
    <_>
      <internalNodes>
        0 -1 578662 -1.8982276320457458e-02</internalNodes>
      <leafValues>
        6.3823878765106201e-01 -9.0241539478302002e-01</leafValues></_>
    <_>
      <internalNodes>
        0 -1 43332 2.5907162576913834e-02</internalNodes>
      <leafValues>
        -9.1887032985687256e-01 5.2330803871154785e-01</leafValues></_>
    <_>
      <internalNodes>
        0 -1 137969 -1.0193947702646255e-02</internalNodes>
      <leafValues>
        5.3581064939498901e-01 -9.1667950153350830e-01</leafValues></_></weakClassifiers></stage4>
</opencv_storage>
