<?xml version="1.0"?>
<opencv_storage>
<stage2>
  <maxWeakCount>4</maxWeakCount>
  <stageThreshold>-2.2195310592651367e+00</stageThreshold>
  <weakClassifiers>
    <_>
      <internalNodes>
        0 -1 42003 9.5266684889793396e-02</internalNodes>
      <leafValues>
        -9.2570483684539795e-01 7.8909093141555786e-01</leafValues></_>
    <_>
      <internalNodes>
        0 -1 764120 6.5649881958961487e-02</internalNodes>
      <leafValues>
        -9.4434279203414917e-01 4.7880545258522034e-01</leafValues></_>
    <_>
      <internalNodes>
        0 -1 816201 -5.1278294995427132e-03</internalNodes>
      <leafValues>
        4.5036610960960388e-01 -9.1108602285385132e-01</leafValues></_>
    <_>
      <internalNodes>
        0 -1 151088 -1.0175437480211258e-01</internalNodes>
      <leafValues>
        5.6160253286361694e-01 -8.5987782478332520e-01</leafValues></_></weakClassifiers></stage2>
</opencv_storage>
