<?xml version="1.0"?>
<opencv_storage>
<cascade>
  <stageType>BOOST</stageType>
  <featureType>HAAR</featureType>
  <height>32</height>
  <width>32</width>
  <stageParams>
    <boostType>GAB</boostType>
    <minHitRate>9.9900001287460327e-01</minHitRate>
    <maxFalseAlarm>4.4999998807907104e-01</maxFalseAlarm>
    <weightTrimRate>9.4999999999999996e-01</weightTrimRate>
    <maxDepth>1</maxDepth>
    <maxWeakCount>100</maxWeakCount></stageParams>
  <featureParams>
    <maxCatCount>0</maxCatCount>
    <featSize>1</featSize>
    <mode>ALL</mode></featureParams>
  <stageNum>10</stageNum>
  <stages>
    <!-- stage 0 -->
    <_>
      <maxWeakCount>4</maxWeakCount>
      <stageThreshold>-2.1219437122344971e+00</stageThreshold>
      <weakClassifiers>
        <_>
          <internalNodes>
            0 -1 0 2.3528192192316055e-02</internalNodes>
          <leafValues>
            -9.3276762962341309e-01 9.2713570594787598e-01</leafValues></_>
        <_>
          <internalNodes>
            0 -1 24 1.1425463855266571e-01</internalNodes>
          <leafValues>
            -9.0991574525833130e-01 8.1497085094451904e-01</leafValues></_>
        <_>
          <internalNodes>
            0 -1 14 1.8734575714915991e-03</internalNodes>
          <leafValues>
            -9.0575551986694336e-01 7.4269402027130127e-01</leafValues></_>
        <_>
          <internalNodes>
            0 -1 31 6.9016581401228905e-03</internalNodes>
          <leafValues>
            -9.8303848505020142e-01 6.2649524211883545e-01</leafValues></_></weakClassifiers></_>
    <!-- stage 1 -->
    <_>
      <maxWeakCount>3</maxWeakCount>
      <stageThreshold>-1.2371538877487183e+00</stageThreshold>
      <weakClassifiers>
        <_>
          <internalNodes>
            0 -1 3 2.8219927102327347e-02</internalNodes>
          <leafValues>
            -9.4418603181838989e-01 8.4941178560256958e-01</leafValues></_>
        <_>
          <internalNodes>
            0 -1 22 6.7149959504604340e-03</internalNodes>
          <leafValues>
            -9.4449561834335327e-01 6.2667006254196167e-01</leafValues></_>
        <_>
          <internalNodes>
            0 -1 27 -4.9019142985343933e-02</internalNodes>
          <leafValues>
            6.5152782201766968e-01 -8.6942833662033081e-01</leafValues></_></weakClassifiers></_>
    <!-- stage 2 -->
    <_>
      <maxWeakCount>3</maxWeakCount>
      <stageThreshold>-1.4736160039901733e+00</stageThreshold>
      <weakClassifiers>
        <_>
          <internalNodes>
            0 -1 9 1.5589091926813126e-02</internalNodes>
          <leafValues>
            -9.2857140302658081e-01 6.1603373289108276e-01</leafValues></_>
        <_>
          <internalNodes>
            0 -1 12 1.0867846012115479e-01</internalNodes>
          <leafValues>
            -9.9558246135711670e-01 3.7973722815513611e-01</leafValues></_>
        <_>
          <internalNodes>
            0 -1 16 3.4789978526532650e-03</internalNodes>
          <leafValues>
            -9.6644467115402222e-01 4.5053794980049133e-01</leafValues></_></weakClassifiers></_>
    <!-- stage 3 -->
    <_>
      <maxWeakCount>2</maxWeakCount>
      <stageThreshold>-4.7720977663993835e-01</stageThreshold>
      <weakClassifiers>
        <_>
          <internalNodes>
            0 -1 13 -1.0147699713706970e-01</internalNodes>
          <leafValues>
            4.1483980417251587e-01 -9.7681373357772827e-01</leafValues></_>
        <_>
          <internalNodes>
            0 -1 8 -3.5572241991758347e-02</internalNodes>
          <leafValues>
            5.9189957380294800e-01 -8.9204961061477661e-01</leafValues></_></weakClassifiers></_>
    <!-- stage 4 -->
    <_>
      <maxWeakCount>4</maxWeakCount>
      <stageThreshold>-1.8615381717681885e+00</stageThreshold>
      <weakClassifiers>
        <_>
          <internalNodes>
            0 -1 0 2.3527881130576134e-02</internalNodes>
          <leafValues>
            -9.2829793691635132e-01 5.5420464277267456e-01</leafValues></_>
        <_>
          <internalNodes>
            0 -1 39 7.2687953710556030e-02</internalNodes>
          <leafValues>
            -8.6198824644088745e-01 6.0340458154678345e-01</leafValues></_>
        <_>
          <internalNodes>
            0 -1 4 2.3546472191810608e-01</internalNodes>
          <leafValues>
            -6.7597603797912598e-01 8.4389102458953857e-01</leafValues></_>
        <_>
          <internalNodes>
            0 -1 23 3.2165548764169216e-03</internalNodes>
          <leafValues>
            -9.0606909990310669e-01 6.0472410917282104e-01</leafValues></_></weakClassifiers></_>
    <!-- stage 5 -->
    <_>
      <maxWeakCount>6</maxWeakCount>
      <stageThreshold>-2.3480594158172607e+00</stageThreshold>
      <weakClassifiers>
        <_>
          <internalNodes>
            0 -1 1 9.7656086087226868e-02</internalNodes>
          <leafValues>
            -9.4202899932861328e-01 5.2861297130584717e-01</leafValues></_>
        <_>
          <internalNodes>
            0 -1 35 1.3798914849758148e-01</internalNodes>
          <leafValues>
            -8.4847187995910645e-01 5.7983130216598511e-01</leafValues></_>
        <_>
          <internalNodes>
            0 -1 34 -1.5670213103294373e-01</internalNodes>
          <leafValues>
            9.4791561365127563e-01 -6.1462390422821045e-01</leafValues></_>
        <_>
          <internalNodes>
            0 -1 6 -4.5297755859792233e-03</internalNodes>
          <leafValues>
            6.8379759788513184e-01 -8.3239561319351196e-01</leafValues></_>
        <_>
          <internalNodes>
            0 -1 30 5.6735388934612274e-03</internalNodes>
          <leafValues>
            -9.4185626506805420e-01 4.7918212413787842e-01</leafValues></_>
        <_>
          <internalNodes>
            0 -1 11 1.2197397649288177e-02</internalNodes>
          <leafValues>
            -9.4823938608169556e-01 4.1027897596359253e-01</leafValues></_></weakClassifiers></_>
    <!-- stage 6 -->
    <_>
      <maxWeakCount>6</maxWeakCount>
      <stageThreshold>-2.5797095298767090e+00</stageThreshold>
      <weakClassifiers>
        <_>
          <internalNodes>
            0 -1 33 -4.2691715061664581e-02</internalNodes>
          <leafValues>
            8.2971620559692383e-01 -8.0251455307006836e-01</leafValues></_>
        <_>
          <internalNodes>
            0 -1 41 -5.1803439855575562e-03</internalNodes>
          <leafValues>
            5.4208689928054810e-01 -9.0152996778488159e-01</leafValues></_>
        <_>
          <internalNodes>
            0 -1 36 2.7528436854481697e-02</internalNodes>
          <leafValues>
            -7.7103620767593384e-01 6.2433910369873047e-01</leafValues></_>
        <_>
          <internalNodes>
            0 -1 10 4.2372862808406353e-03</internalNodes>
          <leafValues>
            -8.7084925174713135e-01 4.5079535245895386e-01</leafValues></_>
        <_>
          <internalNodes>
            0 -1 17 6.0134027153253555e-03</internalNodes>
          <leafValues>
            -9.5240306854248047e-01 3.9710637927055359e-01</leafValues></_>
        <_>
          <internalNodes>
            0 -1 20 3.4329809714108706e-03</internalNodes>
          <leafValues>
            -8.9644908905029297e-01 3.9697894454002380e-01</leafValues></_></weakClassifiers></_>
    <!-- stage 7 -->
    <_>
      <maxWeakCount>5</maxWeakCount>
      <stageThreshold>-1.5013598203659058e+00</stageThreshold>
      <weakClassifiers>
        <_>
          <internalNodes>
            0 -1 5 2.0421957969665527e-01</internalNodes>
          <leafValues>
            -8.0062109231948853e-01 7.1562498807907104e-01</leafValues></_>
        <_>
          <internalNodes>
            0 -1 40 3.4808151423931122e-02</internalNodes>
          <leafValues>
            -7.9702162742614746e-01 6.5021640062332153e-01</leafValues></_>
        <_>
          <internalNodes>
            0 -1 7 1.4741472899913788e-02</internalNodes>
          <leafValues>
            -7.6255655288696289e-01 5.5675804615020752e-01</leafValues></_>
        <_>
          <internalNodes>
            0 -1 26 4.3559688492678106e-04</internalNodes>
          <leafValues>
            -8.6295509338378906e-01 4.6180519461631775e-01</leafValues></_>
        <_>
          <internalNodes>
            0 -1 15 1.3696416281163692e-03</internalNodes>
          <leafValues>
            -9.0610235929489136e-01 4.0248000621795654e-01</leafValues></_></weakClassifiers></_>
    <!-- stage 8 -->
    <_>
      <maxWeakCount>6</maxWeakCount>
      <stageThreshold>-2.3235943317413330e+00</stageThreshold>
      <weakClassifiers>
        <_>
          <internalNodes>
            0 -1 38 -2.4199489504098892e-02</internalNodes>
          <leafValues>
            7.4392223358154297e-01 -7.9525130987167358e-01</leafValues></_>
        <_>
          <internalNodes>
            0 -1 28 -1.0166350007057190e-01</internalNodes>
          <leafValues>
            8.9030027389526367e-01 -6.0687136650085449e-01</leafValues></_>
        <_>
          <internalNodes>
            0 -1 2 8.7819650769233704e-02</internalNodes>
          <leafValues>
            -8.4775751829147339e-01 6.0622525215148926e-01</leafValues></_>
        <_>
          <internalNodes>
            0 -1 42 -2.6150597259402275e-03</internalNodes>
          <leafValues>
            6.0783076286315918e-01 -7.8374058008193970e-01</leafValues></_>
        <_>
          <internalNodes>
            0 -1 32 -1.2683777604252100e-03</internalNodes>
          <leafValues>
            4.1938689351081848e-01 -9.7517567873001099e-01</leafValues></_>
        <_>
          <internalNodes>
            0 -1 25 2.4881861172616482e-03</internalNodes>
          <leafValues>
            -1. 2.9063960909843445e-01</leafValues></_></weakClassifiers></_>
    <!-- stage 9 -->
    <_>
      <maxWeakCount>6</maxWeakCount>
      <stageThreshold>-2.0120122432708740e+00</stageThreshold>
      <weakClassifiers>
        <_>
          <internalNodes>
            0 -1 34 -1.5691791474819183e-01</internalNodes>
          <leafValues>
            6.2464988231658936e-01 -8.1563889980316162e-01</leafValues></_>
        <_>
          <internalNodes>
            0 -1 37 6.5207824110984802e-02</internalNodes>
          <leafValues>
            -6.0245883464813232e-01 9.7784221172332764e-01</leafValues></_>
        <_>
          <internalNodes>
            0 -1 19 2.9891030862927437e-02</internalNodes>
          <leafValues>
            -7.2157818078994751e-01 6.8823981285095215e-01</leafValues></_>
        <_>
          <internalNodes>
            0 -1 29 -2.8525695204734802e-02</internalNodes>
          <leafValues>
            5.6969785690307617e-01 -7.1365016698837280e-01</leafValues></_>
        <_>
          <internalNodes>
            0 -1 18 3.5838235635310411e-04</internalNodes>
          <leafValues>
            -9.1244649887084961e-01 4.2332246899604797e-01</leafValues></_>
        <_>
          <internalNodes>
            0 -1 21 6.4814840443432331e-03</internalNodes>
          <leafValues>
            -8.0361658334732056e-01 4.1799125075340271e-01</leafValues></_></weakClassifiers></_></stages>
  <features>
    <_>
      <rects>
        <_>
          0 0 28 1 -1.</_>
        <_>
          7 0 14 1 2.</_></rects>
      <tilted>0</tilted></_>
    <_>
      <rects>
        <_>
          0 0 28 5 -1.</_>
        <_>
          7 0 14 5 2.</_></rects>
      <tilted>0</tilted></_>
    <_>
      <rects>
        <_>
          0 1 28 5 -1.</_>
        <_>
          7 1 14 5 2.</_></rects>
      <tilted>0</tilted></_>
    <_>
      <rects>
        <_>
          0 4 8 4 -1.</_>
        <_>
          4 4 4 4 2.</_></rects>
      <tilted>0</tilted></_>
    <_>
      <rects>
        <_>
          0 16 32 14 -1.</_>
        <_>
          8 16 16 14 2.</_></rects>
      <tilted>0</tilted></_>
    <_>
      <rects>
        <_>
          0 24 32 8 -1.</_>
        <_>
          8 24 16 8 2.</_></rects>
      <tilted>0</tilted></_>
    <_>
      <rects>
        <_>
          1 0 6 1 -1.</_>
        <_>
          3 2 2 1 3.</_></rects>
      <tilted>1</tilted></_>
    <_>
      <rects>
        <_>
          1 5 6 3 -1.</_>
        <_>
          4 5 3 3 2.</_></rects>
      <tilted>0</tilted></_>
    <_>
      <rects>
        <_>
          1 7 30 8 -1.</_>
        <_>
          1 9 30 4 2.</_></rects>
      <tilted>0</tilted></_>
    <_>
      <rects>
        <_>
          1 8 4 8 -1.</_>
        <_>
          3 8 2 8 2.</_></rects>
      <tilted>0</tilted></_>
    <_>
      <rects>
        <_>
          2 8 2 11 -1.</_>
        <_>
          3 8 1 11 2.</_></rects>
      <tilted>0</tilted></_>
    <_>
      <rects>
        <_>
          3 0 1 30 -1.</_>
        <_>
          3 10 1 10 3.</_></rects>
      <tilted>0</tilted></_>
    <_>
      <rects>
        <_>
          3 9 26 21 -1.</_>
        <_>
          3 16 26 7 3.</_></rects>
      <tilted>0</tilted></_>
    <_>
      <rects>
        <_>
          3 16 23 16 -1.</_>
        <_>
          3 24 23 8 2.</_></rects>
      <tilted>0</tilted></_>
    <_>
      <rects>
        <_>
          4 0 2 5 -1.</_>
        <_>
          5 0 1 5 2.</_></rects>
      <tilted>0</tilted></_>
    <_>
      <rects>
        <_>
          4 14 20 2 -1.</_>
        <_>
          4 15 20 1 2.</_></rects>
      <tilted>0</tilted></_>
    <_>
      <rects>
        <_>
          4 30 16 1 -1.</_>
        <_>
          8 30 8 1 2.</_></rects>
      <tilted>0</tilted></_>
    <_>
      <rects>
        <_>
          5 0 25 8 -1.</_>
        <_>
          5 2 25 4 2.</_></rects>
      <tilted>0</tilted></_>
    <_>
      <rects>
        <_>
          6 0 3 1 -1.</_>
        <_>
          7 1 1 1 3.</_></rects>
      <tilted>1</tilted></_>
    <_>
      <rects>
        <_>
          6 10 11 6 -1.</_>
        <_>
          4 12 11 2 3.</_></rects>
      <tilted>1</tilted></_>
    <_>
      <rects>
        <_>
          7 26 8 6 -1.</_>
        <_>
          7 26 4 3 2.</_>
        <_>
          11 29 4 3 2.</_></rects>
      <tilted>0</tilted></_>
    <_>
      <rects>
        <_>
          8 11 7 8 -1.</_>
        <_>
          8 13 7 4 2.</_></rects>
      <tilted>0</tilted></_>
    <_>
      <rects>
        <_>
          9 11 3 6 -1.</_>
        <_>
          9 14 3 3 2.</_></rects>
      <tilted>0</tilted></_>
    <_>
      <rects>
        <_>
          10 10 8 2 -1.</_>
        <_>
          14 10 4 2 2.</_></rects>
      <tilted>0</tilted></_>
    <_>
      <rects>
        <_>
          14 1 16 26 -1.</_>
        <_>
          14 1 8 13 2.</_>
        <_>
          22 14 8 13 2.</_></rects>
      <tilted>0</tilted></_>
    <_>
      <rects>
        <_>
          14 3 11 8 -1.</_>
        <_>
          14 5 11 4 2.</_></rects>
      <tilted>0</tilted></_>
    <_>
      <rects>
        <_>
          14 22 5 3 -1.</_>
        <_>
          14 23 5 1 3.</_></rects>
      <tilted>0</tilted></_>
    <_>
      <rects>
        <_>
          15 2 16 6 -1.</_>
        <_>
          23 2 8 6 2.</_></rects>
      <tilted>0</tilted></_>
    <_>
      <rects>
        <_>
          15 11 16 21 -1.</_>
        <_>
          19 11 8 21 2.</_></rects>
      <tilted>0</tilted></_>
    <_>
      <rects>
        <_>
          16 0 14 3 -1.</_>
        <_>
          23 0 7 3 2.</_></rects>
      <tilted>0</tilted></_>
    <_>
      <rects>
        <_>
          17 8 4 18 -1.</_>
        <_>
          17 8 2 9 2.</_>
        <_>
          19 17 2 9 2.</_></rects>
      <tilted>0</tilted></_>
    <_>
      <rects>
        <_>
          17 12 8 10 -1.</_>
        <_>
          17 12 4 5 2.</_>
        <_>
          21 17 4 5 2.</_></rects>
      <tilted>0</tilted></_>
    <_>
      <rects>
        <_>
          18 11 8 3 -1.</_>
        <_>
          20 13 4 3 2.</_></rects>
      <tilted>1</tilted></_>
    <_>
      <rects>
        <_>
          21 25 10 5 -1.</_>
        <_>
          26 25 5 5 2.</_></rects>
      <tilted>0</tilted></_>
    <_>
      <rects>
        <_>
          22 10 10 22 -1.</_>
        <_>
          27 10 5 22 2.</_></rects>
      <tilted>0</tilted></_>
    <_>
      <rects>
        <_>
          23 0 7 28 -1.</_>
        <_>
          23 14 7 14 2.</_></rects>
      <tilted>0</tilted></_>
    <_>
      <rects>
        <_>
          24 0 4 9 -1.</_>
        <_>
          21 3 4 3 3.</_></rects>
      <tilted>1</tilted></_>
    <_>
      <rects>
        <_>
          24 14 8 10 -1.</_>
        <_>
          28 14 4 10 2.</_></rects>
      <tilted>0</tilted></_>
    <_>
      <rects>
        <_>
          24 23 6 5 -1.</_>
        <_>
          27 23 3 5 2.</_></rects>
      <tilted>0</tilted></_>
    <_>
      <rects>
        <_>
          25 1 4 26 -1.</_>
        <_>
          25 14 4 13 2.</_></rects>
      <tilted>0</tilted></_>
    <_>
      <rects>
        <_>
          27 7 3 16 -1.</_>
        <_>
          27 15 3 8 2.</_></rects>
      <tilted>0</tilted></_>
    <_>
      <rects>
        <_>
          28 3 4 23 -1.</_>
        <_>
          29 3 2 23 2.</_></rects>
      <tilted>0</tilted></_>
    <_>
      <rects>
        <_>
          28 4 4 6 -1.</_>
        <_>
          29 4 2 6 2.</_></rects>
      <tilted>0</tilted></_></features></cascade>
</opencv_storage>
