<?xml version="1.0"?>
<opencv_storage>
<stage1>
  <maxWeakCount>3</maxWeakCount>
  <stageThreshold>-1.2371538877487183e+00</stageThreshold>
  <weakClassifiers>
    <_>
      <internalNodes>
        0 -1 10029 2.8219927102327347e-02</internalNodes>
      <leafValues>
        -9.4418603181838989e-01 8.4941178560256958e-01</leafValues></_>
    <_>
      <internalNodes>
        0 -1 369993 6.7149959504604340e-03</internalNodes>
      <leafValues>
        -9.4449561834335327e-01 6.2667006254196167e-01</leafValues></_>
    <_>
      <internalNodes>
        0 -1 553698 -4.9019142985343933e-02</internalNodes>
      <leafValues>
        6.5152782201766968e-01 -8.6942833662033081e-01</leafValues></_></weakClassifiers></stage1>
</opencv_storage>
