<?xml version="1.0"?>
<opencv_storage>
<stage6>
  <maxWeakCount>6</maxWeakCount>
  <stageThreshold>-2.5797095298767090e+00</stageThreshold>
  <weakClassifiers>
    <_>
      <internalNodes>
        0 -1 725663 -4.2691715061664581e-02</internalNodes>
      <leafValues>
        8.2971620559692383e-01 -8.0251455307006836e-01</leafValues></_>
    <_>
      <internalNodes>
        0 -1 816178 -5.1803439855575562e-03</internalNodes>
      <leafValues>
        5.4208689928054810e-01 -9.0152996778488159e-01</leafValues></_>
    <_>
      <internalNodes>
        0 -1 763957 2.7528436854481697e-02</internalNodes>
      <leafValues>
        -7.7103620767593384e-01 6.2433910369873047e-01</leafValues></_>
    <_>
      <internalNodes>
        0 -1 98294 4.2372862808406353e-03</internalNodes>
      <leafValues>
        -8.7084925174713135e-01 4.5079535245895386e-01</leafValues></_>
    <_>
      <internalNodes>
        0 -1 201504 6.0134027153253555e-03</internalNodes>
      <leafValues>
        -9.5240306854248047e-01 3.9710637927055359e-01</leafValues></_>
    <_>
      <internalNodes>
        0 -1 311074 3.4329809714108706e-03</internalNodes>
      <leafValues>
        -8.9644908905029297e-01 3.9697894454002380e-01</leafValues></_></weakClassifiers></stage6>
</opencv_storage>
