<?xml version="1.0"?>
<opencv_storage>
<stage7>
  <maxWeakCount>5</maxWeakCount>
  <stageThreshold>-1.5013598203659058e+00</stageThreshold>
  <weakClassifiers>
    <_>
      <internalNodes>
        0 -1 38751 2.0421957969665527e-01</internalNodes>
      <leafValues>
        -8.0062109231948853e-01 7.1562498807907104e-01</leafValues></_>
    <_>
      <internalNodes>
        0 -1 809140 3.4808151423931122e-02</internalNodes>
      <leafValues>
        -7.9702162742614746e-01 6.5021640062332153e-01</leafValues></_>
    <_>
      <internalNodes>
        0 -1 52737 1.4741472899913788e-02</internalNodes>
      <leafValues>
        -7.6255655288696289e-01 5.5675804615020752e-01</leafValues></_>
    <_>
      <internalNodes>
        0 -1 546630 4.3559688492678106e-04</internalNodes>
      <leafValues>
        -8.6295509338378906e-01 4.6180519461631775e-01</leafValues></_>
    <_>
      <internalNodes>
        0 -1 188064 1.3696416281163692e-03</internalNodes>
      <leafValues>
        -9.0610235929489136e-01 4.0248000621795654e-01</leafValues></_></weakClassifiers></stage7>
</opencv_storage>
