<?xml version="1.0"?>
<opencv_storage>
<stage3>
  <maxWeakCount>2</maxWeakCount>
  <stageThreshold>-4.7720977663993835e-01</stageThreshold>
  <weakClassifiers>
    <_>
      <internalNodes>
        0 -1 151088 -1.0147699713706970e-01</internalNodes>
      <leafValues>
        4.1483980417251587e-01 -9.7681373357772827e-01</leafValues></_>
    <_>
      <internalNodes>
        0 -1 58309 -3.5572241991758347e-02</internalNodes>
      <leafValues>
        5.9189957380294800e-01 -8.9204961061477661e-01</leafValues></_></weakClassifiers></stage3>
</opencv_storage>
