<?xml version="1.0"?>
<opencv_storage>
<stage8>
  <maxWeakCount>6</maxWeakCount>
  <stageThreshold>-2.3235943317413330e+00</stageThreshold>
  <weakClassifiers>
    <_>
      <internalNodes>
        0 -1 778477 -2.4199489504098892e-02</internalNodes>
      <leafValues>
        7.4392223358154297e-01 -7.9525130987167358e-01</leafValues></_>
    <_>
      <internalNodes>
        0 -1 566666 -1.0166350007057190e-01</internalNodes>
      <leafValues>
        8.9030027389526367e-01 -6.0687136650085449e-01</leafValues></_>
    <_>
      <internalNodes>
        0 -1 3468 8.7819650769233704e-02</internalNodes>
      <leafValues>
        -8.4775751829147339e-01 6.0622525215148926e-01</leafValues></_>
    <_>
      <internalNodes>
        0 -1 816522 -2.6150597259402275e-03</internalNodes>
      <leafValues>
        6.0783076286315918e-01 -7.8374058008193970e-01</leafValues></_>
    <_>
      <internalNodes>
        0 -1 648765 -1.2683777604252100e-03</internalNodes>
      <leafValues>
        4.1938689351081848e-01 -9.7517567873001099e-01</leafValues></_>
    <_>
      <internalNodes>
        0 -1 524912 2.4881861172616482e-03</internalNodes>
      <leafValues>
        -1. 2.9063960909843445e-01</leafValues></_></weakClassifiers></stage8>
</opencv_storage>
