<?xml version="1.0"?>
<opencv_storage>
<stage5>
  <maxWeakCount>6</maxWeakCount>
  <stageThreshold>-2.3480594158172607e+00</stageThreshold>
  <weakClassifiers>
    <_>
      <internalNodes>
        0 -1 972 9.7656086087226868e-02</internalNodes>
      <leafValues>
        -9.4202899932861328e-01 5.2861297130584717e-01</leafValues></_>
    <_>
      <internalNodes>
        0 -1 746628 1.3798914849758148e-01</internalNodes>
      <leafValues>
        -8.4847187995910645e-01 5.7983130216598511e-01</leafValues></_>
    <_>
      <internalNodes>
        0 -1 737574 -1.5670213103294373e-01</internalNodes>
      <leafValues>
        9.4791561365127563e-01 -6.1462390422821045e-01</leafValues></_>
    <_>
      <internalNodes>
        0 -1 41178 -4.5297755859792233e-03</internalNodes>
      <leafValues>
        6.8379759788513184e-01 -8.3239561319351196e-01</leafValues></_>
    <_>
      <internalNodes>
        0 -1 619130 5.6735388934612274e-03</internalNodes>
      <leafValues>
        -9.4185626506805420e-01 4.7918212413787842e-01</leafValues></_>
    <_>
      <internalNodes>
        0 -1 120822 1.2197397649288177e-02</internalNodes>
      <leafValues>
        -9.4823938608169556e-01 4.1027897596359253e-01</leafValues></_></weakClassifiers></stage5>
</opencv_storage>
