<?xml version="1.0"?>
<opencv_storage>
<stage2>
  <maxWeakCount>3</maxWeakCount>
  <stageThreshold>-1.4736160039901733e+00</stageThreshold>
  <weakClassifiers>
    <_>
      <internalNodes>
        0 -1 58535 1.5589091926813126e-02</internalNodes>
      <leafValues>
        -9.2857140302658081e-01 6.1603373289108276e-01</leafValues></_>
    <_>
      <internalNodes>
        0 -1 141240 1.0867846012115479e-01</internalNodes>
      <leafValues>
        -9.9558246135711670e-01 3.7973722815513611e-01</leafValues></_>
    <_>
      <internalNodes>
        0 -1 199145 3.4789978526532650e-03</internalNodes>
      <leafValues>
        -9.6644467115402222e-01 4.5053794980049133e-01</leafValues></_></weakClassifiers></stage2>
</opencv_storage>
