<?xml version="1.0"?>
<opencv_storage>
<stage4>
  <maxWeakCount>4</maxWeakCount>
  <stageThreshold>-1.8615381717681885e+00</stageThreshold>
  <weakClassifiers>
    <_>
      <internalNodes>
        0 -1 940 2.3527881130576134e-02</internalNodes>
      <leafValues>
        -9.2829793691635132e-01 5.5420464277267456e-01</leafValues></_>
    <_>
      <internalNodes>
        0 -1 780754 7.2687953710556030e-02</internalNodes>
      <leafValues>
        -8.6198824644088745e-01 6.0340458154678345e-01</leafValues></_>
    <_>
      <internalNodes>
        0 -1 31355 2.3546472191810608e-01</internalNodes>
      <leafValues>
        -6.7597603797912598e-01 8.4389102458953857e-01</leafValues></_>
    <_>
      <internalNodes>
        0 -1 403727 3.2165548764169216e-03</internalNodes>
      <leafValues>
        -9.0606909990310669e-01 6.0472410917282104e-01</leafValues></_></weakClassifiers></stage4>
</opencv_storage>
