<?xml version="1.0"?>
<opencv_storage>
<stage0>
  <maxWeakCount>4</maxWeakCount>
  <stageThreshold>-2.1219437122344971e+00</stageThreshold>
  <weakClassifiers>
    <_>
      <internalNodes>
        0 -1 940 2.3528192192316055e-02</internalNodes>
      <leafValues>
        -9.3276762962341309e-01 9.2713570594787598e-01</leafValues></_>
    <_>
      <internalNodes>
        0 -1 521079 1.1425463855266571e-01</internalNodes>
      <leafValues>
        -9.0991574525833130e-01 8.1497085094451904e-01</leafValues></_>
    <_>
      <internalNodes>
        0 -1 159701 1.8734575714915991e-03</internalNodes>
      <leafValues>
        -9.0575551986694336e-01 7.4269402027130127e-01</leafValues></_>
    <_>
      <internalNodes>
        0 -1 624202 6.9016581401228905e-03</internalNodes>
      <leafValues>
        -9.8303848505020142e-01 6.2649524211883545e-01</leafValues></_></weakClassifiers></stage0>
</opencv_storage>
