<?xml version="1.0"?>
<opencv_storage>
<stage9>
  <maxWeakCount>6</maxWeakCount>
  <stageThreshold>-2.0120122432708740e+00</stageThreshold>
  <weakClassifiers>
    <_>
      <internalNodes>
        0 -1 737574 -1.5691791474819183e-01</internalNodes>
      <leafValues>
        6.2464988231658936e-01 -8.1563889980316162e-01</leafValues></_>
    <_>
      <internalNodes>
        0 -1 775083 6.5207824110984802e-02</internalNodes>
      <leafValues>
        -6.0245883464813232e-01 9.7784221172332764e-01</leafValues></_>
    <_>
      <internalNodes>
        0 -1 258674 2.9891030862927437e-02</internalNodes>
      <leafValues>
        -7.2157818078994751e-01 6.8823981285095215e-01</leafValues></_>
    <_>
      <internalNodes>
        0 -1 579143 -2.8525695204734802e-02</internalNodes>
      <leafValues>
        5.6969785690307617e-01 -7.1365016698837280e-01</leafValues></_>
    <_>
      <internalNodes>
        0 -1 237360 3.5838235635310411e-04</internalNodes>
      <leafValues>
        -9.1244649887084961e-01 4.2332246899604797e-01</leafValues></_>
    <_>
      <internalNodes>
        0 -1 334463 6.4814840443432331e-03</internalNodes>
      <leafValues>
        -8.0361658334732056e-01 4.1799125075340271e-01</leafValues></_></weakClassifiers></stage9>
</opencv_storage>
