<?xml version="1.0"?>
<opencv_storage>
<cascade>
  <stageType>BOOST</stageType>
  <featureType>HAAR</featureType>
  <height>32</height>
  <width>32</width>
  <stageParams>
    <boostType>GAB</boostType>
    <minHitRate>9.9900001287460327e-01</minHitRate>
    <maxFalseAlarm>4.4999998807907104e-01</maxFalseAlarm>
    <weightTrimRate>9.4999999999999996e-01</weightTrimRate>
    <maxDepth>1</maxDepth>
    <maxWeakCount>100</maxWeakCount></stageParams>
  <featureParams>
    <maxCatCount>0</maxCatCount>
    <featSize>1</featSize>
    <mode>ALL</mode></featureParams>
  <stageNum>7</stageNum>
  <stages>
    <!-- stage 0 -->
    <_>
      <maxWeakCount>3</maxWeakCount>
      <stageThreshold>-1.2897931337356567e+00</stageThreshold>
      <weakClassifiers>
        <_>
          <internalNodes>
            0 -1 1 9.6695080399513245e-02</internalNodes>
          <leafValues>
            -9.4569534063339233e-01 8.8045978546142578e-01</leafValues></_>
        <_>
          <internalNodes>
            0 -1 13 1.6909441910684109e-03</internalNodes>
          <leafValues>
            -9.7648268938064575e-01 6.6122204065322876e-01</leafValues></_>
        <_>
          <internalNodes>
            0 -1 24 5.7819397188723087e-03</internalNodes>
          <leafValues>
            -9.7024929523468018e-01 6.3238495588302612e-01</leafValues></_></weakClassifiers></_>
    <!-- stage 1 -->
    <_>
      <maxWeakCount>3</maxWeakCount>
      <stageThreshold>-1.1935091018676758e+00</stageThreshold>
      <weakClassifiers>
        <_>
          <internalNodes>
            0 -1 3 3.3148802816867828e-02</internalNodes>
          <leafValues>
            -9.4427859783172607e-01 8.6514288187026978e-01</leafValues></_>
        <_>
          <internalNodes>
            0 -1 17 6.7262817174196243e-03</internalNodes>
          <leafValues>
            -9.3190991878509521e-01 6.2349170446395874e-01</leafValues></_>
        <_>
          <internalNodes>
            0 -1 19 -5.6358776986598969e-02</internalNodes>
          <leafValues>
            7.3186856508255005e-01 -8.7272220849990845e-01</leafValues></_></weakClassifiers></_>
    <!-- stage 2 -->
    <_>
      <maxWeakCount>6</maxWeakCount>
      <stageThreshold>-2.7368712425231934e+00</stageThreshold>
      <weakClassifiers>
        <_>
          <internalNodes>
            0 -1 8 1.5589091926813126e-02</internalNodes>
          <leafValues>
            -9.2762702703475952e-01 5.6692916154861450e-01</leafValues></_>
        <_>
          <internalNodes>
            0 -1 12 1.0973250865936279e-01</internalNodes>
          <leafValues>
            -9.9565112590789795e-01 3.7577989697456360e-01</leafValues></_>
        <_>
          <internalNodes>
            0 -1 14 3.4733165521174669e-03</internalNodes>
          <leafValues>
            -9.3456012010574341e-01 4.3638956546783447e-01</leafValues></_>
        <_>
          <internalNodes>
            0 -1 26 -3.2707735896110535e-02</internalNodes>
          <leafValues>
            5.3252559900283813e-01 -8.4504789113998413e-01</leafValues></_>
        <_>
          <internalNodes>
            0 -1 9 -1.4517614617943764e-02</internalNodes>
          <leafValues>
            4.9344512820243835e-01 -9.2065489292144775e-01</leafValues></_>
        <_>
          <internalNodes>
            0 -1 23 5.6618927046656609e-03</internalNodes>
          <leafValues>
            -8.9897578954696655e-01 5.1572000980377197e-01</leafValues></_></weakClassifiers></_>
    <!-- stage 3 -->
    <_>
      <maxWeakCount>3</maxWeakCount>
      <stageThreshold>-1.5124849081039429e+00</stageThreshold>
      <weakClassifiers>
        <_>
          <internalNodes>
            0 -1 15 2.9930166900157928e-02</internalNodes>
          <leafValues>
            -9.1564148664474487e-01 4.9282297492027283e-01</leafValues></_>
        <_>
          <internalNodes>
            0 -1 11 1.2490233778953552e-01</internalNodes>
          <leafValues>
            -9.9560219049453735e-01 3.2887902855873108e-01</leafValues></_>
        <_>
          <internalNodes>
            0 -1 16 7.4234660714864731e-03</internalNodes>
          <leafValues>
            -9.2572253942489624e-01 4.3467253446578979e-01</leafValues></_></weakClassifiers></_>
    <!-- stage 4 -->
    <_>
      <maxWeakCount>5</maxWeakCount>
      <stageThreshold>-1.7504818439483643e+00</stageThreshold>
      <weakClassifiers>
        <_>
          <internalNodes>
            0 -1 0 2.3535847663879395e-02</internalNodes>
          <leafValues>
            -9.1456580162048340e-01 5.0483560562133789e-01</leafValues></_>
        <_>
          <internalNodes>
            0 -1 30 -3.6680200137197971e-03</internalNodes>
          <leafValues>
            4.5678532123565674e-01 -9.0799945592880249e-01</leafValues></_>
        <_>
          <internalNodes>
            0 -1 6 2.9000338166952133e-02</internalNodes>
          <leafValues>
            -9.4021028280258179e-01 4.4931563735008240e-01</leafValues></_>
        <_>
          <internalNodes>
            0 -1 10 4.5360792428255081e-03</internalNodes>
          <leafValues>
            -8.0613821744918823e-01 5.5756926536560059e-01</leafValues></_>
        <_>
          <internalNodes>
            0 -1 18 6.3215289264917374e-03</internalNodes>
          <leafValues>
            -9.0978735685348511e-01 4.5472449064254761e-01</leafValues></_></weakClassifiers></_>
    <!-- stage 5 -->
    <_>
      <maxWeakCount>6</maxWeakCount>
      <stageThreshold>-2.5362014770507812e+00</stageThreshold>
      <weakClassifiers>
        <_>
          <internalNodes>
            0 -1 27 -1.5678405761718750e-01</internalNodes>
          <leafValues>
            8.2900762557983398e-01 -8.1391036510467529e-01</leafValues></_>
        <_>
          <internalNodes>
            0 -1 29 3.5137597471475601e-02</internalNodes>
          <leafValues>
            -7.6431214809417725e-01 7.6239722967147827e-01</leafValues></_>
        <_>
          <internalNodes>
            0 -1 2 -6.0618477873504162e-03</internalNodes>
          <leafValues>
            5.2965056896209717e-01 -9.0837430953979492e-01</leafValues></_>
        <_>
          <internalNodes>
            0 -1 28 -1.5505544841289520e-02</internalNodes>
          <leafValues>
            6.0555183887481689e-01 -7.8361088037490845e-01</leafValues></_>
        <_>
          <internalNodes>
            0 -1 4 5.6808799505233765e-02</internalNodes>
          <leafValues>
            -1. 3.5469374060630798e-01</leafValues></_>
        <_>
          <internalNodes>
            0 -1 22 -1.6396889695897698e-03</internalNodes>
          <leafValues>
            3.7931236624717712e-01 -8.7837475538253784e-01</leafValues></_></weakClassifiers></_>
    <!-- stage 6 -->
    <_>
      <maxWeakCount>5</maxWeakCount>
      <stageThreshold>-2.8006327152252197e+00</stageThreshold>
      <weakClassifiers>
        <_>
          <internalNodes>
            0 -1 5 7.0125803351402283e-02</internalNodes>
          <leafValues>
            -8.0680775642395020e-01 8.6009538173675537e-01</leafValues></_>
        <_>
          <internalNodes>
            0 -1 21 -1.8976407125592232e-02</internalNodes>
          <leafValues>
            4.7633004188537598e-01 -9.2049652338027954e-01</leafValues></_>
        <_>
          <internalNodes>
            0 -1 25 -5.6762443855404854e-03</internalNodes>
          <leafValues>
            4.9002817273139954e-01 -8.0310666561126709e-01</leafValues></_>
        <_>
          <internalNodes>
            0 -1 7 1.4761978760361671e-02</internalNodes>
          <leafValues>
            -7.7023297548294067e-01 5.7813858985900879e-01</leafValues></_>
        <_>
          <internalNodes>
            0 -1 20 -1.6114842146635056e-03</internalNodes>
          <leafValues>
            5.0001102685928345e-01 -8.9757770299911499e-01</leafValues></_></weakClassifiers></_></stages>
  <features>
    <_>
      <rects>
        <_>
          0 0 28 1 -1.</_>
        <_>
          7 0 14 1 2.</_></rects>
      <tilted>0</tilted></_>
    <_>
      <rects>
        <_>
          0 0 28 5 -1.</_>
        <_>
          7 0 14 5 2.</_></rects>
      <tilted>0</tilted></_>
    <_>
      <rects>
        <_>
          0 2 6 4 -1.</_>
        <_>
          2 2 2 4 3.</_></rects>
      <tilted>0</tilted></_>
    <_>
      <rects>
        <_>
          0 4 8 5 -1.</_>
        <_>
          4 4 4 5 2.</_></rects>
      <tilted>0</tilted></_>
    <_>
      <rects>
        <_>
          0 7 27 20 -1.</_>
        <_>
          0 12 27 10 2.</_></rects>
      <tilted>0</tilted></_>
    <_>
      <rects>
        <_>
          0 26 32 3 -1.</_>
        <_>
          8 26 16 3 2.</_></rects>
      <tilted>0</tilted></_>
    <_>
      <rects>
        <_>
          1 0 26 12 -1.</_>
        <_>
          1 3 26 6 2.</_></rects>
      <tilted>0</tilted></_>
    <_>
      <rects>
        <_>
          1 5 6 3 -1.</_>
        <_>
          4 5 3 3 2.</_></rects>
      <tilted>0</tilted></_>
    <_>
      <rects>
        <_>
          1 8 4 8 -1.</_>
        <_>
          3 8 2 8 2.</_></rects>
      <tilted>0</tilted></_>
    <_>
      <rects>
        <_>
          2 1 8 14 -1.</_>
        <_>
          2 1 4 7 2.</_>
        <_>
          6 8 4 7 2.</_></rects>
      <tilted>0</tilted></_>
    <_>
      <rects>
        <_>
          2 8 2 10 -1.</_>
        <_>
          3 8 1 10 2.</_></rects>
      <tilted>0</tilted></_>
    <_>
      <rects>
        <_>
          3 5 21 27 -1.</_>
        <_>
          3 14 21 9 3.</_></rects>
      <tilted>0</tilted></_>
    <_>
      <rects>
        <_>
          3 8 21 24 -1.</_>
        <_>
          3 16 21 8 3.</_></rects>
      <tilted>0</tilted></_>
    <_>
      <rects>
        <_>
          4 0 2 4 -1.</_>
        <_>
          5 0 1 4 2.</_></rects>
      <tilted>0</tilted></_>
    <_>
      <rects>
        <_>
          4 30 16 1 -1.</_>
        <_>
          8 30 8 1 2.</_></rects>
      <tilted>0</tilted></_>
    <_>
      <rects>
        <_>
          6 10 11 6 -1.</_>
        <_>
          4 12 11 2 3.</_></rects>
      <tilted>1</tilted></_>
    <_>
      <rects>
        <_>
          6 24 10 8 -1.</_>
        <_>
          6 24 5 4 2.</_>
        <_>
          11 28 5 4 2.</_></rects>
      <tilted>0</tilted></_>
    <_>
      <rects>
        <_>
          9 11 3 6 -1.</_>
        <_>
          9 14 3 3 2.</_></rects>
      <tilted>0</tilted></_>
    <_>
      <rects>
        <_>
          11 0 6 14 -1.</_>
        <_>
          11 0 3 7 2.</_>
        <_>
          14 7 3 7 2.</_></rects>
      <tilted>0</tilted></_>
    <_>
      <rects>
        <_>
          13 1 18 6 -1.</_>
        <_>
          22 1 9 6 2.</_></rects>
      <tilted>0</tilted></_>
    <_>
      <rects>
        <_>
          13 10 4 6 -1.</_>
        <_>
          13 10 2 3 2.</_>
        <_>
          15 13 2 3 2.</_></rects>
      <tilted>0</tilted></_>
    <_>
      <rects>
        <_>
          16 0 16 4 -1.</_>
        <_>
          20 0 8 4 2.</_></rects>
      <tilted>0</tilted></_>
    <_>
      <rects>
        <_>
          16 13 4 6 -1.</_>
        <_>
          18 13 2 6 2.</_></rects>
      <tilted>0</tilted></_>
    <_>
      <rects>
        <_>
          17 8 4 18 -1.</_>
        <_>
          17 8 2 9 2.</_>
        <_>
          19 17 2 9 2.</_></rects>
      <tilted>0</tilted></_>
    <_>
      <rects>
        <_>
          17 12 8 8 -1.</_>
        <_>
          17 12 4 4 2.</_>
        <_>
          21 16 4 4 2.</_></rects>
      <tilted>0</tilted></_>
    <_>
      <rects>
        <_>
          18 26 10 6 -1.</_>
        <_>
          18 26 5 3 2.</_>
        <_>
          23 29 5 3 2.</_></rects>
      <tilted>0</tilted></_>
    <_>
      <rects>
        <_>
          20 3 10 10 -1.</_>
        <_>
          25 3 5 10 2.</_></rects>
      <tilted>0</tilted></_>
    <_>
      <rects>
        <_>
          22 10 10 22 -1.</_>
        <_>
          27 10 5 22 2.</_></rects>
      <tilted>0</tilted></_>
    <_>
      <rects>
        <_>
          26 0 2 6 -1.</_>
        <_>
          26 0 2 3 2.</_></rects>
      <tilted>1</tilted></_>
    <_>
      <rects>
        <_>
          27 9 4 12 -1.</_>
        <_>
          27 15 4 6 2.</_></rects>
      <tilted>0</tilted></_>
    <_>
      <rects>
        <_>
          28 3 4 14 -1.</_>
        <_>
          29 3 2 14 2.</_></rects>
      <tilted>0</tilted></_></features></cascade>
</opencv_storage>
