<?xml version="1.0"?>
<opencv_storage>
<stage4>
  <maxWeakCount>5</maxWeakCount>
  <stageThreshold>-1.7504818439483643e+00</stageThreshold>
  <weakClassifiers>
    <_>
      <internalNodes>
        0 -1 940 2.3535847663879395e-02</internalNodes>
      <leafValues>
        -9.1456580162048340e-01 5.0483560562133789e-01</leafValues></_>
    <_>
      <internalNodes>
        0 -1 816122 -3.6680200137197971e-03</internalNodes>
      <leafValues>
        4.5678532123565674e-01 -9.0799945592880249e-01</leafValues></_>
    <_>
      <internalNodes>
        0 -1 43264 2.9000338166952133e-02</internalNodes>
      <leafValues>
        -9.4021028280258179e-01 4.4931563735008240e-01</leafValues></_>
    <_>
      <internalNodes>
        0 -1 98289 4.5360792428255081e-03</internalNodes>
      <leafValues>
        -8.0613821744918823e-01 5.5756926536560059e-01</leafValues></_>
    <_>
      <internalNodes>
        0 -1 419848 6.3215289264917374e-03</internalNodes>
      <leafValues>
        -9.0978735685348511e-01 4.5472449064254761e-01</leafValues></_></weakClassifiers></stage4>
</opencv_storage>
