<?xml version="1.0"?>
<opencv_storage>
<stage3>
  <maxWeakCount>3</maxWeakCount>
  <stageThreshold>-1.5124849081039429e+00</stageThreshold>
  <weakClassifiers>
    <_>
      <internalNodes>
        0 -1 258674 2.9930166900157928e-02</internalNodes>
      <leafValues>
        -9.1564148664474487e-01 4.9282297492027283e-01</leafValues></_>
    <_>
      <internalNodes>
        0 -1 133772 1.2490233778953552e-01</internalNodes>
      <leafValues>
        -9.9560219049453735e-01 3.2887902855873108e-01</leafValues></_>
    <_>
      <internalNodes>
        0 -1 273287 7.4234660714864731e-03</internalNodes>
      <leafValues>
        -9.2572253942489624e-01 4.3467253446578979e-01</leafValues></_></weakClassifiers></stage3>
</opencv_storage>
