<?xml version="1.0"?>
<opencv_storage>
<stage0>
  <maxWeakCount>3</maxWeakCount>
  <stageThreshold>-1.2897931337356567e+00</stageThreshold>
  <weakClassifiers>
    <_>
      <internalNodes>
        0 -1 972 9.6695080399513245e-02</internalNodes>
      <leafValues>
        -9.4569534063339233e-01 8.8045978546142578e-01</leafValues></_>
    <_>
      <internalNodes>
        0 -1 159690 1.6909441910684109e-03</internalNodes>
      <leafValues>
        -9.7648268938064575e-01 6.6122204065322876e-01</leafValues></_>
    <_>
      <internalNodes>
        0 -1 624190 5.7819397188723087e-03</internalNodes>
      <leafValues>
        -9.7024929523468018e-01 6.3238495588302612e-01</leafValues></_></weakClassifiers></stage0>
</opencv_storage>
