<?xml version="1.0"?>
<opencv_storage>
<stage5>
  <maxWeakCount>6</maxWeakCount>
  <stageThreshold>-2.5362014770507812e+00</stageThreshold>
  <weakClassifiers>
    <_>
      <internalNodes>
        0 -1 737574 -1.5678405761718750e-01</internalNodes>
      <leafValues>
        8.2900762557983398e-01 -8.1391036510467529e-01</leafValues></_>
    <_>
      <internalNodes>
        0 -1 810058 3.5137597471475601e-02</internalNodes>
      <leafValues>
        -7.6431214809417725e-01 7.6239722967147827e-01</leafValues></_>
    <_>
      <internalNodes>
        0 -1 5123 -6.0618477873504162e-03</internalNodes>
      <leafValues>
        5.2965056896209717e-01 -9.0837430953979492e-01</leafValues></_>
    <_>
      <internalNodes>
        0 -1 792857 -1.5505544841289520e-02</internalNodes>
      <leafValues>
        6.0555183887481689e-01 -7.8361088037490845e-01</leafValues></_>
    <_>
      <internalNodes>
        0 -1 17780 5.6808799505233765e-02</internalNodes>
      <leafValues>
        -1. 3.5469374060630798e-01</leafValues></_>
    <_>
      <internalNodes>
        0 -1 597632 -1.6396889695897698e-03</internalNodes>
      <leafValues>
        3.7931236624717712e-01 -8.7837475538253784e-01</leafValues></_></weakClassifiers></stage5>
</opencv_storage>
