<?xml version="1.0"?>
<opencv_storage>
<stage2>
  <maxWeakCount>6</maxWeakCount>
  <stageThreshold>-2.7368712425231934e+00</stageThreshold>
  <weakClassifiers>
    <_>
      <internalNodes>
        0 -1 58535 1.5589091926813126e-02</internalNodes>
      <leafValues>
        -9.2762702703475952e-01 5.6692916154861450e-01</leafValues></_>
    <_>
      <internalNodes>
        0 -1 139419 1.0973250865936279e-01</internalNodes>
      <leafValues>
        -9.9565112590789795e-01 3.7577989697456360e-01</leafValues></_>
    <_>
      <internalNodes>
        0 -1 199145 3.4733165521174669e-03</internalNodes>
      <leafValues>
        -9.3456012010574341e-01 4.3638956546783447e-01</leafValues></_>
    <_>
      <internalNodes>
        0 -1 687936 -3.2707735896110535e-02</internalNodes>
      <leafValues>
        5.3252559900283813e-01 -8.4504789113998413e-01</leafValues></_>
    <_>
      <internalNodes>
        0 -1 83684 -1.4517614617943764e-02</internalNodes>
      <leafValues>
        4.9344512820243835e-01 -9.2065489292144775e-01</leafValues></_>
    <_>
      <internalNodes>
        0 -1 619130 5.6618927046656609e-03</internalNodes>
      <leafValues>
        -8.9897578954696655e-01 5.1572000980377197e-01</leafValues></_></weakClassifiers></stage2>
</opencv_storage>
