<?xml version="1.0"?>
<opencv_storage>
<stage6>
  <maxWeakCount>5</maxWeakCount>
  <stageThreshold>-2.8006327152252197e+00</stageThreshold>
  <weakClassifiers>
    <_>
      <internalNodes>
        0 -1 39779 7.0125803351402283e-02</internalNodes>
      <leafValues>
        -8.0680775642395020e-01 8.6009538173675537e-01</leafValues></_>
    <_>
      <internalNodes>
        0 -1 578662 -1.8976407125592232e-02</internalNodes>
      <leafValues>
        4.7633004188537598e-01 -9.2049652338027954e-01</leafValues></_>
    <_>
      <internalNodes>
        0 -1 658354 -5.6762443855404854e-03</internalNodes>
      <leafValues>
        4.9002817273139954e-01 -8.0310666561126709e-01</leafValues></_>
    <_>
      <internalNodes>
        0 -1 52737 1.4761978760361671e-02</internalNodes>
      <leafValues>
        -7.7023297548294067e-01 5.7813858985900879e-01</leafValues></_>
    <_>
      <internalNodes>
        0 -1 503685 -1.6114842146635056e-03</internalNodes>
      <leafValues>
        5.0001102685928345e-01 -8.9757770299911499e-01</leafValues></_></weakClassifiers></stage6>
</opencv_storage>
