<?xml version="1.0"?>
<opencv_storage>
<stage1>
  <maxWeakCount>3</maxWeakCount>
  <stageThreshold>-1.1935091018676758e+00</stageThreshold>
  <weakClassifiers>
    <_>
      <internalNodes>
        0 -1 10037 3.3148802816867828e-02</internalNodes>
      <leafValues>
        -9.4427859783172607e-01 8.6514288187026978e-01</leafValues></_>
    <_>
      <internalNodes>
        0 -1 369993 6.7262817174196243e-03</internalNodes>
      <leafValues>
        -9.3190991878509521e-01 6.2349170446395874e-01</leafValues></_>
    <_>
      <internalNodes>
        0 -1 489756 -5.6358776986598969e-02</internalNodes>
      <leafValues>
        7.3186856508255005e-01 -8.7272220849990845e-01</leafValues></_></weakClassifiers></stage1>
</opencv_storage>
